idRuta;estacionOrigen;estacionDestino;tiempo;precio;horariosSemana;horariosFinDeSemana
CYL5;Ponferrada - León;Astorga - León;25;4.7;08:00,10:00,12:00,14:00,16:00,18:00,22:00;07:00,11:00,15:00,19:00
CYL5;Ponferrada - León;León - León;50;8.95;08:00,10:00,12:00,14:00,16:00,18:00,22:00;07:00,11:00,15:00,19:00
CYL5;Ponferrada - León;Medina de Rioseco - Valladolid;80;11.45;08:00,10:00,12:00,14:00,16:00,18:00,22:00;07:00,11:00,15:00,19:00
CYL5;Ponferrada - León;Valladolid - Valladolid;100;14.55;08:00,10:00,12:00,14:00,16:00,18:00,22:00;07:00,11:00,15:00,19:00
CYL5;Ponferrada - León;Cuéllar - Segovia;120;19.65;08:00,10:00,12:00,14:00,16:00,18:00,22:00;07:00,11:00,15:00,19:00
CYL5;Ponferrada - León;Segovia - Segovia;155;25.65;08:00,10:00,12:00,14:00,16:00,18:00,22:00;07:00,11:00,15:00,19:00
CYL5;Astorga - León;León - León;25;4.25;08:25,10:25,12:25,14:25,16:25,18:25,22:25;07:25,11:25,15:25,19:25
CYL5;Astorga - León;Medina de Rioseco - Valladolid;55;6.75;08:25,10:25,12:25,14:25,16:25,18:25,22:25;07:25,11:25,15:25,19:25
CYL5;Astorga - León;Valladolid - Valladolid;75;9.85;08:25,10:25,12:25,14:25,16:25,18:25,22:25;07:25,11:25,15:25,19:25
CYL5;Astorga - León;Cuéllar - Segovia;95;14.95;08:25,10:25,12:25,14:25,16:25,18:25,22:25;07:25,11:25,15:25,19:25
CYL5;Astorga - León;Segovia - Segovia;130;20.95;08:25,10:25,12:25,14:25,16:25,18:25,22:25;07:25,11:25,15:25,19:25
CYL5;León - León;Medina de Rioseco - Valladolid;30;2.5;08:50,10:50,12:50,14:50,16:50,18:50,22:50;07:50,11:50,15:50,19:50
CYL5;León - León;Valladolid - Valladolid;50;5.6;08:50,10:50,12:50,14:50,16:50,18:50,22:50;07:50,11:50,15:50,19:50
CYL5;León - León;Cuéllar - Segovia;70;10.7;08:50,10:50,12:50,14:50,16:50,18:50,22:50;07:50,11:50,15:50,19:50
CYL5;León - León;Segovia - Segovia;105;16.7;08:50,10:50,12:50,14:50,16:50,18:50,22:50;07:50,11:50,15:50,19:50
CYL5;Medina de Rioseco - Valladolid;Valladolid - Valladolid;20;3.1;09:20,11:20,13:20,15:20,17:20,19:20,23:20;08:20,12:20,16:20,20:20
CYL5;Medina de Rioseco - Valladolid;Cuéllar - Segovia;40;8.2;09:20,11:20,13:20,15:20,17:20,19:20,23:20;08:20,12:20,16:20,20:20
CYL5;Medina de Rioseco - Valladolid;Segovia - Segovia;75;14.2;09:20,11:20,13:20,15:20,17:20,19:20,23:20;08:20,12:20,16:20,20:20
CYL5;Valladolid - Valladolid;Cuéllar - Segovia;20;5.1;09:40,11:40,13:40,15:40,17:40,19:40,23:40;08:40,12:40,16:40,20:40
CYL5;Valladolid - Valladolid;Segovia - Segovia;55;11.1;09:40,11:40,13:40,15:40,17:40,19:40,23:40;08:40,12:40,16:40,20:40
CYL5;Cuéllar - Segovia;Segovia - Segovia;35;6.0;10:00,12:00,14:00,16:00,18:00,20:00;09:00,13:00,17:00,21:00
CYL4;Puebla de Sanabria - Zamora;Benavente - Zamora;25;5.0;09:00,10:00,11:00,12:00,13:00,14:00,15:00,16:00,17:00,18:00,19:00,20:00,21:00,22:00,23:00;06:30,12:00,19:30
CYL4;Puebla de Sanabria - Zamora;Zamora - Zamora;60;9.75;09:00,10:00,11:00,12:00,13:00,14:00,15:00,16:00,17:00,18:00,19:00,20:00,21:00,22:00,23:00;06:30,12:00,19:30
CYL4;Puebla de Sanabria - Zamora;Toro - Zamora;90;12.25;09:00,10:00,11:00,12:00,13:00,14:00,15:00,16:00,17:00,18:00,19:00,20:00,21:00,22:00,23:00;06:30,12:00,19:30
CYL4;Puebla de Sanabria - Zamora;Valladolid - Valladolid;110;15.85;09:00,10:00,11:00,12:00,13:00,14:00,15:00,16:00,17:00,18:00,19:00,20:00,21:00,22:00,23:00;06:30,12:00,19:30
CYL4;Puebla de Sanabria - Zamora;Peñafiel - Valladolid;140;18.85;09:00,10:00,11:00,12:00,13:00,14:00,15:00,16:00,17:00,18:00,19:00,20:00,21:00,22:00,23:00;06:30,12:00,19:30
CYL4;Puebla de Sanabria - Zamora;Aranda de Duero - Burgos;160;21.2;09:00,10:00,11:00,12:00,13:00,14:00,15:00,16:00,17:00,18:00,19:00,20:00,21:00,22:00,23:00;06:30,12:00,19:30
CYL4;Puebla de Sanabria - Zamora;El Burgo de Osma - Soria;180;24.35;09:00,10:00,11:00,12:00,13:00,14:00,15:00,16:00,17:00,18:00,19:00,20:00,21:00,22:00,23:00;06:30,12:00,19:30
CYL4;Puebla de Sanabria - Zamora;Soria - Soria;210;29.85;09:00,10:00,11:00,12:00,13:00,14:00,15:00,16:00,17:00,18:00,19:00,20:00,21:00,22:00,23:00;06:30,12:00,19:30
CYL4;Benavente - Zamora;Zamora - Zamora;35;4.75;09:25,10:25,11:25,12:25,13:25,14:25,15:25,16:25,17:25,18:25,19:25,20:25,21:25,22:25,23:25;06:55,12:25,19:55
CYL4;Benavente - Zamora;Toro - Zamora;65;7.25;09:25,10:25,11:25,12:25,13:25,14:25,15:25,16:25,17:25,18:25,19:25,20:25,21:25,22:25,23:25;06:55,12:25,19:55
CYL4;Benavente - Zamora;Valladolid - Valladolid;85;10.85;09:25,10:25,11:25,12:25,13:25,14:25,15:25,16:25,17:25,18:25,19:25,20:25,21:25,22:25,23:25;06:55,12:25,19:55
CYL4;Benavente - Zamora;Peñafiel - Valladolid;115;13.85;09:25,10:25,11:25,12:25,13:25,14:25,15:25,16:25,17:25,18:25,19:25,20:25,21:25,22:25,23:25;06:55,12:25,19:55
CYL4;Benavente - Zamora;Aranda de Duero - Burgos;135;16.2;09:25,10:25,11:25,12:25,13:25,14:25,15:25,16:25,17:25,18:25,19:25,20:25,21:25,22:25,23:25;06:55,12:25,19:55
CYL4;Benavente - Zamora;El Burgo de Osma - Soria;155;19.35;09:25,10:25,11:25,12:25,13:25,14:25,15:25,16:25,17:25,18:25,19:25,20:25,21:25,22:25,23:25;06:55,12:25,19:55
CYL4;Benavente - Zamora;Soria - Soria;185;24.85;09:25,10:25,11:25,12:25,13:25,14:25,15:25,16:25,17:25,18:25,19:25,20:25,21:25,22:25,23:25;06:55,12:25,19:55
CYL4;Zamora - Zamora;Toro - Zamora;30;2.5;10:00,11:00,12:00,13:00,14:00,15:00,16:00,17:00,18:00,19:00,20:00,21:00,22:00,23:00;07:30,13:00,20:30
CYL4;Zamora - Zamora;Valladolid - Valladolid;50;6.1;10:00,11:00,12:00,13:00,14:00,15:00,16:00,17:00,18:00,19:00,20:00,21:00,22:00,23:00;07:30,13:00,20:30
CYL4;Zamora - Zamora;Peñafiel - Valladolid;80;9.1;10:00,11:00,12:00,13:00,14:00,15:00,16:00,17:00,18:00,19:00,20:00,21:00,22:00,23:00;07:30,13:00,20:30
CYL4;Zamora - Zamora;Aranda de Duero - Burgos;100;11.45;10:00,11:00,12:00,13:00,14:00,15:00,16:00,17:00,18:00,19:00,20:00,21:00,22:00,23:00;07:30,13:00,20:30
CYL4;Zamora - Zamora;El Burgo de Osma - Soria;120;14.6;10:00,11:00,12:00,13:00,14:00,15:00,16:00,17:00,18:00,19:00,20:00,21:00,22:00,23:00;07:30,13:00,20:30
CYL4;Zamora - Zamora;Soria - Soria;150;20.1;10:00,11:00,12:00,13:00,14:00,15:00,16:00,17:00,18:00,19:00,20:00,21:00,22:00,23:00;07:30,13:00,20:30
CYL4;Toro - Zamora;Valladolid - Valladolid;20;3.6;10:30,11:30,12:30,13:30,14:30,15:30,16:30,17:30,18:30,19:30,20:30,21:30,22:30,23:30;08:00,13:30,21:00
CYL4;Toro - Zamora;Peñafiel - Valladolid;50;6.6;10:30,11:30,12:30,13:30,14:30,15:30,16:30,17:30,18:30,19:30,20:30,21:30,22:30,23:30;08:00,13:30,21:00
CYL4;Toro - Zamora;Aranda de Duero - Burgos;70;8.95;10:30,11:30,12:30,13:30,14:30,15:30,16:30,17:30,18:30,19:30,20:30,21:30,22:30,23:30;08:00,13:30,21:00
CYL4;Toro - Zamora;El Burgo de Osma - Soria;90;12.1;10:30,11:30,12:30,13:30,14:30,15:30,16:30,17:30,18:30,19:30,20:30,21:30,22:30,23:30;08:00,13:30,21:00
CYL4;Toro - Zamora;Soria - Soria;120;17.6;10:30,11:30,12:30,13:30,14:30,15:30,16:30,17:30,18:30,19:30,20:30,21:30,22:30,23:30;08:00,13:30,21:00
CYL4;Valladolid - Valladolid;Peñafiel - Valladolid;30;3.0;10:50,11:50,12:50,13:50,14:50,15:50,16:50,17:50,18:50,19:50,20:50,21:50,22:50,23:50;08:20,13:50,21:20
CYL4;Valladolid - Valladolid;Aranda de Duero - Burgos;50;5.35;10:50,11:50,12:50,13:50,14:50,15:50,16:50,17:50,18:50,19:50,20:50,21:50,22:50,23:50;08:20,13:50,21:20
CYL4;Valladolid - Valladolid;El Burgo de Osma - Soria;70;8.5;10:50,11:50,12:50,13:50,14:50,15:50,16:50,17:50,18:50,19:50,20:50,21:50,22:50,23:50;08:20,13:50,21:20
CYL4;Valladolid - Valladolid;Soria - Soria;100;14.0;10:50,11:50,12:50,13:50,14:50,15:50,16:50,17:50,18:50,19:50,20:50,21:50,22:50,23:50;08:20,13:50,21:20
CYL4;Peñafiel - Valladolid;Aranda de Duero - Burgos;20;2.35;11:20,12:20,13:20,14:20,15:20,16:20,17:20,18:20,19:20,20:20,21:20,22:20,23:20;08:50,14:20,21:50
CYL4;Peñafiel - Valladolid;El Burgo de Osma - Soria;40;5.5;11:20,12:20,13:20,14:20,15:20,16:20,17:20,18:20,19:20,20:20,21:20,22:20,23:20;08:50,14:20,21:50
CYL4;Peñafiel - Valladolid;Soria - Soria;70;11.0;11:20,12:20,13:20,14:20,15:20,16:20,17:20,18:20,19:20,20:20,21:20,22:20,23:20;08:50,14:20,21:50
CYL4;Aranda de Duero - Burgos;El Burgo de Osma - Soria;20;3.15;11:40,12:40,13:40,14:40,15:40,16:40,17:40,18:40,19:40,20:40,21:40,22:40,23:40;09:10,14:40,22:10
CYL4;Aranda de Duero - Burgos;Soria - Soria;50;8.65;11:40,12:40,13:40,14:40,15:40,16:40,17:40,18:40,19:40,20:40,21:40,22:40,23:40;09:10,14:40,22:10
CYL4;El Burgo de Osma - Soria;Soria - Soria;30;5.5;12:00,13:00,14:00,15:00,16:00,17:00,18:00,19:00,20:00,21:00,22:00,23:00;09:30,15:00,22:30
CYL3;Soria - Soria;El Burgo de Osma - Soria;30;5.5;09:00,11:30,13:00,15:30,17:00,19:30,21:00;06:30,12:00,19:30
CYL3;Soria - Soria;Aranda de Duero - Burgos;50;8.65;09:00,11:30,13:00,15:30,17:00,19:30,21:00;06:30,12:00,19:30
CYL3;Soria - Soria;Peñafiel - Valladolid;70;11.0;09:00,11:30,13:00,15:30,17:00,19:30,21:00;06:30,12:00,19:30
CYL3;Soria - Soria;Valladolid - Valladolid;100;14.0;09:00,11:30,13:00,15:30,17:00,19:30,21:00;06:30,12:00,19:30
CYL3;Soria - Soria;Toro - Zamora;120;17.6;09:00,11:30,13:00,15:30,17:00,19:30,21:00;06:30,12:00,19:30
CYL3;Soria - Soria;Zamora - Zamora;150;20.1;09:00,11:30,13:00,15:30,17:00,19:30,21:00;06:30,12:00,19:30
CYL3;Soria - Soria;Benavente - Zamora;185;24.85;09:00,11:30,13:00,15:30,17:00,19:30,21:00;06:30,12:00,19:30
CYL3;Soria - Soria;Puebla de Sanabria - Zamora;210;29.85;09:00,11:30,13:00,15:30,17:00,19:30,21:00;06:30,12:00,19:30
CYL3;El Burgo de Osma - Soria;Aranda de Duero - Burgos;20;3.15;09:30,12:00,13:30,16:00,17:30,20:00,21:30;07:00,12:30,20:00
CYL3;El Burgo de Osma - Soria;Peñafiel - Valladolid;40;5.5;09:30,12:00,13:30,16:00,17:30,20:00,21:30;07:00,12:30,20:00
CYL3;El Burgo de Osma - Soria;Valladolid - Valladolid;70;8.5;09:30,12:00,13:30,16:00,17:30,20:00,21:30;07:00,12:30,20:00
CYL3;El Burgo de Osma - Soria;Toro - Zamora;90;12.1;09:30,12:00,13:30,16:00,17:30,20:00,21:30;07:00,12:30,20:00
CYL3;El Burgo de Osma - Soria;Zamora - Zamora;120;14.6;09:30,12:00,13:30,16:00,17:30,20:00,21:30;07:00,12:30,20:00
CYL3;El Burgo de Osma - Soria;Benavente - Zamora;155;19.35;09:30,12:00,13:30,16:00,17:30,20:00,21:30;07:00,12:30,20:00
CYL3;El Burgo de Osma - Soria;Puebla de Sanabria - Zamora;180;24.35;09:30,12:00,13:30,16:00,17:30,20:00,21:30;07:00,12:30,20:00
CYL3;Aranda de Duero - Burgos;Peñafiel - Valladolid;20;2.35;09:50,12:20,13:50,16:20,17:50,20:20,21:50;07:20,12:50,20:20
CYL3;Aranda de Duero - Burgos;Valladolid - Valladolid;50;5.35;09:50,12:20,13:50,16:20,17:50,20:20,21:50;07:20,12:50,20:20
CYL3;Aranda de Duero - Burgos;Toro - Zamora;70;8.95;09:50,12:20,13:50,16:20,17:50,20:20,21:50;07:20,12:50,20:20
CYL3;Aranda de Duero - Burgos;Zamora - Zamora;100;11.45;09:50,12:20,13:50,16:20,17:50,20:20,21:50;07:20,12:50,20:20
CYL3;Aranda de Duero - Burgos;Benavente - Zamora;135;16.2;09:50,12:20,13:50,16:20,17:50,20:20,21:50;07:20,12:50,20:20
CYL3;Aranda de Duero - Burgos;Puebla de Sanabria - Zamora;160;21.2;09:50,12:20,13:50,16:20,17:50,20:20,21:50;07:20,12:50,20:20
CYL3;Peñafiel - Valladolid;Valladolid - Valladolid;30;3.0;10:10,12:40,14:10,16:40,18:10,20:40,22:10;07:40,13:10,20:40
CYL3;Peñafiel - Valladolid;Toro - Zamora;50;6.6;10:10,12:40,14:10,16:40,18:10,20:40,22:10;07:40,13:10,20:40
CYL3;Peñafiel - Valladolid;Zamora - Zamora;80;9.1;10:10,12:40,14:10,16:40,18:10,20:40,22:10;07:40,13:10,20:40
CYL3;Peñafiel - Valladolid;Benavente - Zamora;115;13.85;10:10,12:40,14:10,16:40,18:10,20:40,22:10;07:40,13:10,20:40
CYL3;Peñafiel - Valladolid;Puebla de Sanabria - Zamora;140;18.85;10:10,12:40,14:10,16:40,18:10,20:40,22:10;07:40,13:10,20:40
CYL3;Valladolid - Valladolid;Toro - Zamora;20;3.6;10:40,13:10,14:40,17:10,18:40,21:10,22:40;08:10,13:40,21:10
CYL3;Valladolid - Valladolid;Zamora - Zamora;50;6.1;10:40,13:10,14:40,17:10,18:40,21:10,22:40;08:10,13:40,21:10
CYL3;Valladolid - Valladolid;Benavente - Zamora;85;10.85;10:40,13:10,14:40,17:10,18:40,21:10,22:40;08:10,13:40,21:10
CYL3;Valladolid - Valladolid;Puebla de Sanabria - Zamora;110;15.85;10:40,13:10,14:40,17:10,18:40,21:10,22:40;08:10,13:40,21:10
CYL3;Toro - Zamora;Zamora - Zamora;30;2.5;11:00,13:30,15:00,17:30,19:00,21:30,23:00;08:30,14:00,21:30
CYL3;Toro - Zamora;Benavente - Zamora;65;7.25;11:00,13:30,15:00,17:30,19:00,21:30,23:00;08:30,14:00,21:30
CYL3;Toro - Zamora;Puebla de Sanabria - Zamora;90;12.25;11:00,13:30,15:00,17:30,19:00,21:30,23:00;08:30,14:00,21:30
CYL3;Zamora - Zamora;Benavente - Zamora;35;4.75;11:30,14:00,15:30,18:00,19:30,22:00,23:30;09:00,14:30,22:00
CYL3;Zamora - Zamora;Puebla de Sanabria - Zamora;60;9.75;11:30,14:00,15:30,18:00,19:30,22:00,23:30;09:00,14:30,22:00
CYL3;Benavente - Zamora;Puebla de Sanabria - Zamora;25;5.0;12:05,14:35,16:05,18:35,20:05,22:35;09:35,15:05,22:35
CYL2;Ciudad Rodrigo - Salamanca;Salamanca - Salamanca;30;6.0;08:00,10:00,12:00,14:00,16:00,18:00,22:00;07:00,11:00,15:00,19:00
CYL2;Ciudad Rodrigo - Salamanca;Tordesillas - Valladolid;55;11.75;08:00,10:00,12:00,14:00,16:00,18:00,22:00;07:00,11:00,15:00,19:00
CYL2;Ciudad Rodrigo - Salamanca;Valladolid - Valladolid;65;14.0;08:00,10:00,12:00,14:00,16:00,18:00,22:00;07:00,11:00,15:00,19:00
CYL2;Ciudad Rodrigo - Salamanca;Palencia - Palencia;80;17.0;08:00,10:00,12:00,14:00,16:00,18:00,22:00;07:00,11:00,15:00,19:00
CYL2;Ciudad Rodrigo - Salamanca;Burgos - Burgos;110;22.2;08:00,10:00,12:00,14:00,16:00,18:00,22:00;07:00,11:00,15:00,19:00
CYL2;Ciudad Rodrigo - Salamanca;Miranda de Ebro - Burgos;130;25.7;08:00,10:00,12:00,14:00,16:00,18:00,22:00;07:00,11:00,15:00,19:00
CYL2;Salamanca - Salamanca;Tordesillas - Valladolid;25;5.75;08:30,10:30,12:30,14:30,16:30,18:30,22:30;07:30,11:30,15:30,19:30
CYL2;Salamanca - Salamanca;Valladolid - Valladolid;35;8.0;08:30,10:30,12:30,14:30,16:30,18:30,22:30;07:30,11:30,15:30,19:30
CYL2;Salamanca - Salamanca;Palencia - Palencia;50;11.0;08:30,10:30,12:30,14:30,16:30,18:30,22:30;07:30,11:30,15:30,19:30
CYL2;Salamanca - Salamanca;Burgos - Burgos;80;16.2;08:30,10:30,12:30,14:30,16:30,18:30,22:30;07:30,11:30,15:30,19:30
CYL2;Salamanca - Salamanca;Miranda de Ebro - Burgos;100;19.7;08:30,10:30,12:30,14:30,16:30,18:30,22:30;07:30,11:30,15:30,19:30
CYL2;Tordesillas - Valladolid;Valladolid - Valladolid;10;2.25;08:55,10:55,12:55,14:55,16:55,18:55,22:55;07:55,11:55,15:55,19:55
CYL2;Tordesillas - Valladolid;Palencia - Palencia;25;5.25;08:55,10:55,12:55,14:55,16:55,18:55,22:55;07:55,11:55,15:55,19:55
CYL2;Tordesillas - Valladolid;Burgos - Burgos;55;10.45;08:55,10:55,12:55,14:55,16:55,18:55,22:55;07:55,11:55,15:55,19:55
CYL2;Tordesillas - Valladolid;Miranda de Ebro - Burgos;75;13.95;08:55,10:55,12:55,14:55,16:55,18:55,22:55;07:55,11:55,15:55,19:55
CYL2;Valladolid - Valladolid;Palencia - Palencia;15;3.0;09:05,11:05,13:05,15:05,17:05,19:05,23:05;08:05,12:05,16:05,20:05
CYL2;Valladolid - Valladolid;Burgos - Burgos;45;8.2;09:05,11:05,13:05,15:05,17:05,19:05,23:05;08:05,12:05,16:05,20:05
CYL2;Valladolid - Valladolid;Miranda de Ebro - Burgos;65;11.7;09:05,11:05,13:05,15:05,17:05,19:05,23:05;08:05,12:05,16:05,20:05
CYL2;Palencia - Palencia;Burgos - Burgos;30;5.2;09:20,11:20,13:20,15:20,17:20,19:20,23:20;08:20,12:20,16:20,20:20
CYL2;Palencia - Palencia;Miranda de Ebro - Burgos;50;8.7;09:20,11:20,13:20,15:20,17:20,19:20,23:20;08:20,12:20,16:20,20:20
CYL2;Burgos - Burgos;Miranda de Ebro - Burgos;20;3.5;09:50,11:50,13:50,15:50,17:50,19:50,23:50;08:50,12:50,16:50,20:50
CYL1;Miranda de Ebro - Burgos;Burgos - Burgos;20;3.5;08:00,10:00,12:00,14:00,16:00,18:00,22:00;07:00,11:00,15:00,19:00
CYL1;Miranda de Ebro - Burgos;Palencia - Palencia;50;8.7;08:00,10:00,12:00,14:00,16:00,18:00,22:00;07:00,11:00,15:00,19:00
CYL1;Miranda de Ebro - Burgos;Valladolid - Valladolid;65;11.7;08:00,10:00,12:00,14:00,16:00,18:00,22:00;07:00,11:00,15:00,19:00
CYL1;Miranda de Ebro - Burgos;Tordesillas - Valladolid;75;13.95;08:00,10:00,12:00,14:00,16:00,18:00,22:00;07:00,11:00,15:00,19:00
CYL1;Miranda de Ebro - Burgos;Salamanca - Salamanca;100;19.7;08:00,10:00,12:00,14:00,16:00,18:00,22:00;07:00,11:00,15:00,19:00
CYL1;Miranda de Ebro - Burgos;Ciudad Rodrigo - Salamanca;130;25.7;08:00,10:00,12:00,14:00,16:00,18:00,22:00;07:00,11:00,15:00,19:00
CYL1;Burgos - Burgos;Palencia - Palencia;30;5.2;08:20,10:20,12:20,14:20,16:20,18:20,22:20;07:20,11:20,15:20,19:20
CYL1;Burgos - Burgos;Valladolid - Valladolid;45;8.2;08:20,10:20,12:20,14:20,16:20,18:20,22:20;07:20,11:20,15:20,19:20
CYL1;Burgos - Burgos;Tordesillas - Valladolid;55;10.45;08:20,10:20,12:20,14:20,16:20,18:20,22:20;07:20,11:20,15:20,19:20
CYL1;Burgos - Burgos;Salamanca - Salamanca;80;16.2;08:20,10:20,12:20,14:20,16:20,18:20,22:20;07:20,11:20,15:20,19:20
CYL1;Burgos - Burgos;Ciudad Rodrigo - Salamanca;110;22.2;08:20,10:20,12:20,14:20,16:20,18:20,22:20;07:20,11:20,15:20,19:20
CYL1;Palencia - Palencia;Valladolid - Valladolid;15;3.0;08:50,10:50,12:50,14:50,16:50,18:50,22:50;07:50,11:50,15:50,19:50
CYL1;Palencia - Palencia;Tordesillas - Valladolid;25;5.25;08:50,10:50,12:50,14:50,16:50,18:50,22:50;07:50,11:50,15:50,19:50
CYL1;Palencia - Palencia;Salamanca - Salamanca;50;11.0;08:50,10:50,12:50,14:50,16:50,18:50,22:50;07:50,11:50,15:50,19:50
CYL1;Palencia - Palencia;Ciudad Rodrigo - Salamanca;80;17.0;08:50,10:50,12:50,14:50,16:50,18:50,22:50;07:50,11:50,15:50,19:50
CYL1;Valladolid - Valladolid;Tordesillas - Valladolid;10;2.25;09:05,11:05,13:05,15:05,17:05,19:05,23:05;08:05,12:05,16:05,20:05
CYL1;Valladolid - Valladolid;Salamanca - Salamanca;35;8.0;09:05,11:05,13:05,15:05,17:05,19:05,23:05;08:05,12:05,16:05,20:05
CYL1;Valladolid - Valladolid;Ciudad Rodrigo - Salamanca;65;14.0;09:05,11:05,13:05,15:05,17:05,19:05,23:05;08:05,12:05,16:05,20:05
CYL1;Tordesillas - Valladolid;Salamanca - Salamanca;25;5.75;09:15,11:15,13:15,15:15,17:15,19:15,23:15;08:15,12:15,16:15,20:15
CYL1;Tordesillas - Valladolid;Ciudad Rodrigo - Salamanca;55;11.75;09:15,11:15,13:15,15:15,17:15,19:15,23:15;08:15,12:15,16:15,20:15
CYL1;Salamanca - Salamanca;Ciudad Rodrigo - Salamanca;30;6.0;09:40,11:40,13:40,15:40,17:40,19:40,23:40;08:40,12:40,16:40,20:40
CYL8;Aguilar de Campoo - Palencia;Palencia - Palencia;45;6.0;09:00,10:00,11:00,12:00,13:00,14:00,15:00,16:00,17:00,18:00,19:00,20:00,21:00,22:00,23:00;06:30,12:00,19:30
CYL8;Aguilar de Campoo - Palencia;Venta de Baños - Palencia;50;6.95;09:00,10:00,11:00,12:00,13:00,14:00,15:00,16:00,17:00,18:00,19:00,20:00,21:00,22:00,23:00;06:30,12:00,19:30
CYL8;Aguilar de Campoo - Palencia;Valladolid - Valladolid;65;9.75;09:00,10:00,11:00,12:00,13:00,14:00,15:00,16:00,17:00,18:00,19:00,20:00,21:00,22:00,23:00;06:30,12:00,19:30
CYL8;Aguilar de Campoo - Palencia;Arévalo - Ávila;105;15.05;09:00,10:00,11:00,12:00,13:00,14:00,15:00,16:00,17:00,18:00,19:00,20:00,21:00,22:00,23:00;06:30,12:00,19:30
CYL8;Aguilar de Campoo - Palencia;Ávila - Ávila;125;19.3;09:00,10:00,11:00,12:00,13:00,14:00,15:00,16:00,17:00,18:00,19:00,20:00,21:00,22:00,23:00;06:30,12:00,19:30
CYL8;Palencia - Palencia;Venta de Baños - Palencia;5;0.95;09:45,10:45,11:45,12:45,13:45,14:45,15:45,16:45,17:45,18:45,19:45,20:45,21:45,22:45,23:45;07:15,12:45,20:15
CYL8;Palencia - Palencia;Valladolid - Valladolid;20;3.75;09:45,10:45,11:45,12:45,13:45,14:45,15:45,16:45,17:45,18:45,19:45,20:45,21:45,22:45,23:45;07:15,12:45,20:15
CYL8;Palencia - Palencia;Arévalo - Ávila;60;9.05;09:45,10:45,11:45,12:45,13:45,14:45,15:45,16:45,17:45,18:45,19:45,20:45,21:45,22:45,23:45;07:15,12:45,20:15
CYL8;Palencia - Palencia;Ávila - Ávila;80;13.3;09:45,10:45,11:45,12:45,13:45,14:45,15:45,16:45,17:45,18:45,19:45,20:45,21:45,22:45,23:45;07:15,12:45,20:15
CYL8;Venta de Baños - Palencia;Valladolid - Valladolid;15;2.8;09:50,10:50,11:50,12:50,13:50,14:50,15:50,16:50,17:50,18:50,19:50,20:50,21:50,22:50,23:50;07:20,12:50,20:20
CYL8;Venta de Baños - Palencia;Arévalo - Ávila;55;8.1;09:50,10:50,11:50,12:50,13:50,14:50,15:50,16:50,17:50,18:50,19:50,20:50,21:50,22:50,23:50;07:20,12:50,20:20
CYL8;Venta de Baños - Palencia;Ávila - Ávila;75;12.35;09:50,10:50,11:50,12:50,13:50,14:50,15:50,16:50,17:50,18:50,19:50,20:50,21:50,22:50,23:50;07:20,12:50,20:20
CYL8;Valladolid - Valladolid;Arévalo - Ávila;40;5.3;10:05,11:05,12:05,14:05,15:05,16:05,17:05,18:05,19:05,20:05,21:05,22:05,23:05;07:35,13:05,20:35
CYL8;Valladolid - Valladolid;Ávila - Ávila;60;9.55;10:05,11:05,12:05,14:05,15:05,16:05,17:05,18:05,19:05,20:05,21:05,22:05,23:05;07:35,13:05,20:35
CYL8;Arévalo - Ávila;Ávila - Ávila;20;4.25;10:45,11:45,12:45,14:45,15:45,16:45,17:45,18:45,19:45,20:45,21:45,22:45,23:45;13:45
CYL7;Ávila - Ávila;Arévalo - Ávila;25;5.0;09:00,10:00,11:00,12:00,13:00,14:00,15:00,16:00,17:00,18:00,19:00,20:00,21:00,22:00,23:00;06:30,12:00,19:30 
CYL7;Ávila - Ávila;Valladolid - Valladolid;60;9.75;09:00,10:00,11:00,12:00,13:00,14:00,15:00,16:00,17:00,18:00,19:00,20:00,21:00,22:00,23:00;06:30,12:00,19:30 
CYL7;Ávila - Ávila;Venta de Baños - Palencia;90;12.25;09:00,10:00,11:00,12:00,13:00,14:00,15:00,16:00,17:00,18:00,19:00,20:00,21:00,22:00,23:00;06:30,12:00,19:30 
CYL7;Ávila - Ávila;Palencia - Palencia;110;15.85;09:00,10:00,11:00,12:00,13:00,14:00,15:00,16:00,17:00,18:00,19:00,20:00,21:00,22:00,23:00;06:30,12:00,19:30 
CYL7;Ávila - Ávila;Aguilar de Campoo - Palencia;140;18.85;09:00,10:00,11:00,12:00,13:00,14:00,15:00,16:00,17:00,18:00,19:00,20:00,21:00,22:00,23:00;06:30,12:00,19:30 
CYL7;Arévalo - Ávila;Valladolid - Valladolid;35;4.75;09:25,10:25,11:25,12:25,13:25,14:25,15:25,16:25,17:25,18:25,19:25,20:25,21:25,22:25,23:25;06:55,12:25,19:55
CYL7;Arévalo - Ávila;Venta de Baños - Palencia;65;7.25;09:25,10:25,11:25,12:25,13:25,14:25,15:25,16:25,17:25,18:25,19:25,20:25,21:25,22:25,23:25;06:55,12:25,19:55
CYL7;Arévalo - Ávila;Palencia - Palencia;85;10.85;09:25,10:25,11:25,12:25,13:25,14:25,15:25,16:25,17:25,18:25,19:25,20:25,21:25,22:25,23:25;06:55,12:25,19:55
CYL7;Arévalo - Ávila;Aguilar de Campoo - Palencia;115;13.85;09:25,10:25,11:25,12:25,13:25,14:25,15:25,16:25,17:25,18:25,19:25,20:25,21:25,22:25,23:25;06:55,12:25,19:55
CYL7;Valladolid - Valladolid;Venta de Baños - Palencia;30;2.5;10:00,11:00,12:00,13:00,14:00,15:00,16:00,17:00,18:00,19:00,20:00,21:00,22:00,23:00;07:30,13:00,20:30 
CYL7;Valladolid - Valladolid;Palencia - Palencia;50;6.1;10:00,11:00,12:00,13:00,14:00,15:00,16:00,17:00,18:00,19:00,20:00,21:00,22:00,23:00;07:30,13:00,20:30 
CYL7;Valladolid - Valladolid;Aguilar de Campoo - Palencia;80;9.1;10:00,11:00,12:00,13:00,14:00,15:00,16:00,17:00,18:00,19:00,20:00,21:00,22:00,23:00;07:30,13:00,20:30 
CYL7;Venta de Baños - Palencia;Palencia - Palencia;20;3.6;10:30,11:30,12:30,13:30,14:30,15:30,16:30,17:30,18:30,19:30,20:30,21:30,22:30,23:30;08:00,13:30,21:00 
CYL7;Venta de Baños - Palencia;Aguilar de Campoo - Palencia;50;6.6;10:30,11:30,12:30,13:30,14:30,15:30,16:30,17:30,18:30,19:30,20:30,21:30,22:30,23:30;08:00,13:30,21:00 
CYL7;Palencia - Palencia;Aguilar de Campoo - Palencia;30;3.0;10:50,11:50,12:50,13:50,14:50,15:50,16:50,17:50,18:50,19:50,20:50,21:50,22:50,23:50;08:20,13:50,21:20
CYL6;Segovia - Segovia;Cuéllar - Segovia;20;5.1;08:00,10:00,12:00,14:00,16:00,18:00,22:00;07:00,11:00,15:00,19:00
CYL6;Segovia - Segovia;Valladolid - Valladolid;40;8.2;08:00,10:00,12:00,14:00,16:00,18:00,22:00;07:00,11:00,15:00,19:00
CYL6;Segovia - Segovia;Medina de Rioseco - Valladolid;70;10.7;08:00,10:00,12:00,14:00,16:00,18:00,22:00;07:00,11:00,15:00,19:00
CYL6;Segovia - Segovia;León - León;95;14.95;08:00,10:00,12:00,14:00,16:00,18:00,22:00;07:00,11:00,15:00,19:00
CYL6;Segovia - Segovia;Astorga - León;120;19.65;08:00,10:00,12:00,14:00,16:00,18:00,22:00;07:00,11:00,15:00,19:00
CYL6;Segovia - Segovia;Ponferrada - León;145;24.35;08:00,10:00,12:00,14:00,16:00,18:00,22:00;07:00,11:00,15:00,19:00
CYL6;Cuéllar - Segovia;Valladolid - Valladolid;20;3.1;10:20,12:20,14:20,16:20,18:20,20:20;09:20,13:20,17:20,21:20
CYL6;Cuéllar - Segovia;Medina de Rioseco - Valladolid;50;5.6;10:20,12:20,14:20,16:20,18:20,20:20;09:20,13:20,17:20,21:20
CYL6;Cuéllar - Segovia;León - León;75;9.85;10:20,12:20,14:20,16:20,18:20,20:20;09:20,13:20,17:20,21:20
CYL6;Cuéllar - Segovia;Astorga - León;100;14.55;10:20,12:20,14:20,16:20,18:20,20:20;09:20,13:20,17:20,21:20
CYL6;Cuéllar - Segovia;Ponferrada - León;125;19.25;10:20,12:20,14:20,16:20,18:20,20:20;09:20,13:20,17:20,21:20
CYL6;Valladolid - Valladolid;Medina de Rioseco - Valladolid;30;2.5;10:40,12:40,14:40,16:40,18:40,20:40;09:40,13:40,17:40,21:40
CYL6;Valladolid - Valladolid;León - León;55;6.75;10:40,12:40,14:40,16:40,18:40,20:40;09:40,13:40,17:40,21:40
CYL6;Valladolid - Valladolid;Astorga - León;80;11.45;10:40,12:40,14:40,16:40,18:40,20:40;09:40,13:40,17:40,21:40
CYL6;Valladolid - Valladolid;Ponferrada - León;105;16.15;10:40,12:40,14:40,16:40,18:40,20:40;09:40,13:40,17:40,21:40
CYL6;Medina de Rioseco - Valladolid;León - León;25;4.25;11:10,13:10,15:10,17:10,19:10,21:10;10:10,14:10,18:10,22:10
CYL6;Medina de Rioseco - Valladolid;Astorga - León;50;8.95;11:10,13:10,15:10,17:10,19:10,21:10;10:10,14:10,18:10,22:10
CYL6;Medina de Rioseco - Valladolid;Ponferrada - León;75;13.65;11:10,13:10,15:10,17:10,19:10,21:10;10:10,14:10,18:10,22:10
CYL6;León - León;Astorga - León;25;4.7;08:50,10:50,12:50,14:50,16:50,18:50,22:50;07:50,11:50,15:50,19:50
CYL6;León - León;Ponferrada - León;50;9.4;08:50,10:50,12:50,14:50,16:50,18:50,22:50;07:50,11:50,15:50,19:50
CYL6;Astorga - León;Ponferrada - León;25;4.7;08:25,10:25,12:25,14:25,16:25,18:25,22:25;07:25,11:25,15:25,19:25